{
  "x-generator": "NSwag v13.9.4.0 (NJsonSchema v10.3.1.0 (Newtonsoft.Json v12.0.0.0))",
  "openapi": "3.0.0",
  "info": {
    "title": "OptiRoute API",
    "version": "1.0.0"
  },
  "paths": {
    "/api/Benchmarks": {
      "post": {
        "tags": [
          "Benchmarks"
        ],
        "operationId": "Benchmarks_GetSolution",
        "requestBody": {
          "content": {
            "multipart/form-data": {
              "schema": {
                "type": "object",
                "properties": {
                  "file": {
                    "type": "string",
                    "format": "binary",
                    "nullable": true
                  }
                }
              }
            }
          }
        },
        "responses": {
          "200": {
            "description": "",
            "content": {
              "application/json": {
                "schema": {
                  "$ref": "#/components/schemas/SolutionDto"
                }
              }
            }
          }
        }
      },
      "get": {
        "tags": [
          "Benchmarks"
        ],
        "operationId": "Benchmarks_GetBenchmarkResults",
        "responses": {
          "200": {
            "description": "",
            "content": {
              "application/json": {
                "schema": {
                  "type": "array",
                  "items": {
                    "$ref": "#/components/schemas/BenchmarkResultDto"
                  }
                }
              }
            }
          }
        }
      }
    },
    "/api/Benchmarks/{benchmarkResultId}/Solution": {
      "get": {
        "tags": [
          "Benchmarks"
        ],
        "operationId": "Benchmarks_GetSolutionByBenchmarkResultId",
        "parameters": [
          {
            "name": "benchmarkResultId",
            "in": "path",
            "required": true,
            "schema": {
              "type": "integer",
              "format": "int32"
            },
            "x-position": 1
          }
        ],
        "responses": {
          "200": {
            "description": "",
            "content": {
              "application/json": {
                "schema": {
                  "$ref": "#/components/schemas/SolutionDto"
                }
              }
            }
          }
        }
      }
    },
    "/api/Benchmarks/{benchmarkResultId}/BestSolution": {
      "get": {
        "tags": [
          "Benchmarks"
        ],
        "operationId": "Benchmarks_GetBestSolutionByBenchmarkResultId",
        "parameters": [
          {
            "name": "benchmarkResultId",
            "in": "path",
            "required": true,
            "schema": {
              "type": "integer",
              "format": "int32"
            },
            "x-position": 1
          }
        ],
        "responses": {
          "200": {
            "description": "",
            "content": {
              "application/json": {
                "schema": {
                  "$ref": "#/components/schemas/SolutionDto"
                }
              }
            }
          }
        }
      }
    },
    "/api/CVRPTW": {
      "post": {
        "tags": [
          "CVRPTW"
        ],
        "operationId": "CVRPTW_GetSolution",
        "requestBody": {
          "x-name": "problem",
          "content": {
            "application/json": {
              "schema": {
                "$ref": "#/components/schemas/ProblemDto"
              }
            }
          },
          "required": true,
          "x-position": 1
        },
        "responses": {
          "200": {
            "description": "",
            "content": {
              "application/json": {
                "schema": {
                  "$ref": "#/components/schemas/SolutionDto"
                }
              }
            }
          }
        }
      }
    }
  },
  "components": {
    "schemas": {
      "SolutionDto": {
        "type": "object",
        "additionalProperties": false,
        "properties": {
          "feasible": {
            "type": "boolean"
          },
          "routes": {
            "type": "array",
            "nullable": true,
            "items": {
              "$ref": "#/components/schemas/RouteDto"
            }
          },
          "depot": {
            "nullable": true,
            "oneOf": [
              {
                "$ref": "#/components/schemas/DepotDto"
              }
            ]
          },
          "distance": {
            "type": "number",
            "format": "double"
          },
          "time": {
            "type": "number",
            "format": "double"
          }
        }
      },
      "RouteDto": {
        "type": "object",
        "additionalProperties": false,
        "properties": {
          "customers": {
            "type": "array",
            "nullable": true,
            "items": {
              "$ref": "#/components/schemas/CustomerDto"
            }
          },
          "totalTime": {
            "type": "number",
            "format": "double"
          },
          "totalDistance": {
            "type": "number",
            "format": "double"
          },
          "totalLoad": {
            "type": "number",
            "format": "double"
          }
        }
      },
      "CustomerDto": {
        "type": "object",
        "additionalProperties": false,
        "properties": {
          "id": {
            "type": "integer",
            "format": "int32"
          },
          "x": {
            "type": "integer",
            "format": "int32"
          },
          "y": {
            "type": "integer",
            "format": "int32"
          },
          "demand": {
            "type": "integer",
            "format": "int32"
          },
          "readyTime": {
            "type": "integer",
            "format": "int32"
          },
          "dueDate": {
            "type": "integer",
            "format": "int32"
          },
          "serviceTime": {
            "type": "integer",
            "format": "int32"
          }
        }
      },
      "DepotDto": {
        "type": "object",
        "additionalProperties": false,
        "properties": {
          "id": {
            "type": "integer",
            "format": "int32"
          },
          "x": {
            "type": "integer",
            "format": "int32"
          },
          "y": {
            "type": "integer",
            "format": "int32"
          },
          "dueDate": {
            "type": "integer",
            "format": "int32"
          }
        }
      },
      "BenchmarkResultDto": {
        "type": "object",
        "additionalProperties": false,
        "properties": {
          "dbId": {
            "type": "integer",
            "format": "int32"
          },
          "name": {
            "type": "string",
            "nullable": true
          },
          "bestDistance": {
            "type": "number",
            "format": "double"
          },
          "bestVehicles": {
            "type": "number",
            "format": "double"
          },
          "distance": {
            "type": "number",
            "format": "double"
          },
          "vehicles": {
            "type": "number",
            "format": "double"
          },
          "solutionDbId": {
            "type": "integer",
            "format": "int32"
          },
          "bestSolutionDbId": {
            "type": "integer",
            "format": "int32",
            "nullable": true
          },
          "benchmarkInstanceDbId": {
            "type": "integer",
            "format": "int32"
          }
        }
      },
      "ProblemDto": {
        "type": "object",
        "additionalProperties": false,
        "properties": {
          "vehicles": {
            "type": "integer",
            "format": "int32"
          },
          "capacity": {
            "type": "integer",
            "format": "int32"
          },
          "depot": {
            "nullable": true,
            "oneOf": [
              {
                "$ref": "#/components/schemas/DepotDto"
              }
            ]
          },
          "customers": {
            "type": "array",
            "nullable": true,
            "items": {
              "$ref": "#/components/schemas/CustomerDto"
            }
          },
          "distances": {
            "type": "array",
            "nullable": true,
            "items": {
              "type": "array",
              "items": {
                "type": "number",
                "format": "double"
              }
            }
          },
          "durations": {
            "type": "array",
            "nullable": true,
            "items": {
              "type": "array",
              "items": {
                "type": "number",
                "format": "double"
              }
            }
          }
        }
      }
    }
  }
}